{"cameraMode":{"drawMode":0,"name":"Shaded","section":"Shading Mode"},"sceneLighting":true,"audioPlay":false,"sceneViewState":{"showFog":true,"showMaterialUpdate":false,"showSkybox":true,"showFlares":true,"showImageEffects":true,"showParticleSystems":true},"in2DMode":false,"pivot":{"x":0.0766916275024414,"y":-0.02637862041592598,"z":0.10603632032871247},"rotation":{"x":0.160333514213562,"y":0.4624468684196472,"z":0.08543750643730164,"w":-0.8678404688835144},"size":0.1256120204925537,"orthographic":false}